公司名,官网
深圳智航无人机有限公司,http://smd-uav.aircraftnurse.com
广州亿航智能技术有限公司,http://www.ehang.com
致导科技（北京）有限公司,http://www.AheadX.com
北京臻迪智能科技有限公司,http://www.powervisions.com.cn
拓扑联创（北京）科技有限公司,http://www.topotek.com
西安韦德沃德航空科技有限公司,http://www.wideworldz.net
济南知芯集成电路技术有限公司,http://www.hypersoc.com
零度智控（北京）智能科技有限公司,http://www.zerouav.com
深圳市大疆创新科技有限公司,http://www.dji.com
广州极飞电子科技有限公司,http://www.xaircraft.cn
北京爱康宜诚医疗器材股份有限公司,http://www.ak2003.com.cn/index.html
四川蓝光英诺生物科技股份有限公司(简称蓝光英诺),http://www.brc.com.cn/?SortId=27&Type=index
优联三维打印科技发展（上海）有限公司,http://www.rp-sla.com/
南京徇齐生物技术有限公司,http://www.syncbiotech.com.cn/index.php
长春力太生物技术有限公司,http://www.litebio.com/index.htm
上海云舜生物技术有限公司,http://www.komouse.com/index.asp
深圳市经伟度科技有限公司,http://www.jingweidu.com/jingweidu/main/home.action
上海大相科技有限公司,http://www.virglass.com/index.html
深圳市眼界科技有限公司,http://www.emaxvr.com/
北京蚁视科技有限公司,http://www.antvr.com/?view=about
江苏太平洋美诺克生物药业有限公司,http://www.pacificmeinuoke.com/index.html
神州细胞工程有限公司,http://www.sinocelltech.com/
齐鲁制药有限公司,http://www.qilu-pharma.com
百奥迈科生物技术有限公司,http://www.biomics.cn
武汉友芝友生物制药有限公司,http://www.yzybio.com
无锡天演生物技术有限公司,http://www.sinopae.com/
北京虹安翔宇信息科技有限公司,http://www.irischina.com.cn/
北京释码大华科技有限公司,http://www.eyesmart.com.cn/
北京天诚盛业科技有限公司,http://www.techshino.com/
西安凯虹电子科技有限公司,http://www.xakaihong.com/
武汉虹识技术有限公司,http://www.hongshi-tech.com/
厦门万泰沧海生物技术有限公司,http://www.innovax.cn/index.aspx
北京康乐卫士生物技术股份有限公司,http://www.bj-klws.com/index.html
深圳市维亿魄科技有限公司,http://www.veepoo.net/
成都芯软科技发展有限公司,http://www.cinsoft.cn/
成都恩多施生物工程技术有限公司,http://www.cd-eds.com/
红土生物技术有限公司,http://www.redlandbio.com/
广州新泰达生物科技有限公司,http://www.newtaida.com/index.html
深圳华大基因科技有限公司,http://www.genomics.cn/index
北京贝瑞和康生物技术有限公司,http://www.berrygenomics.com/
北京诺禾致源生物信息科技有限公司,http://www.novogene.com/index.php
北京博奥生物有限公司,http://www.capitalbio.bioon.com.cn/
生工生物工程(上海)股份有限公司,http://www.sangon.com/
宝生物工程(大连)有限公司（日资）,http://www.takara.com.cn/
中美泰和生物技术（北京）有限公司,http://www.taihegene.com/
安诺优达基因科技(北京)有限公司,http://www.annoroad.com/
北京百迈客生物科技有限公司,http://www.biomarker.com.cn/
广东凯普生物科技有限公司,http://www.hybribio.cn/
昆山市华涛电子有限公司,http://www.yrrec.com
苏州敏行医学信息技术有限公司,http://www.misrobot.com
杭州安杰思医学科技有限公司,http://www.bioags.com
北京迈纳士手术机器人技术股份有限公司,http://www.magicnurse.net
常州汉迪机器人科技有限公司,http://www.handyrobotix.com/cn
上海人智信息科技有限公司,http://www.ptinfous.com
昆山恩福赛印刷电子有限公司,http://www.ksfpe.com/
宁波博能印刷电子科技有限公司,http://www.ksfpe.com/
鞍山市正发电路有限公司,http://www.nepcbonline.com
东莞市五株电子科技有限公司,http://www.topcb.com.cn
深圳市五株科技股份有限公司,http://www.topcb.com.cn
深圳市牧泰莱电路技术有限公司,http://www.mtlpcb.com
厦门弘信电子科技股份有限公司,http://www.fpc98.com
深圳松维电子股份有限公司,http://www.sungwei.com
上达电子（深圳）股份有限公司,http://www.leader-techcn.com/
深圳市精诚达电路科技股份有限公司,http://www.jcdfpc.com
深圳市金百泽电子科技股份有限公司,http://www.kingbrother.com/
深圳明阳电路科技有限公司,http://www.sunshinepcb.com
杭州新三联电子有限公司,http://www.china-pcb.com/
广德新三联电子有限公司,http://www.china-pcb.com/
铜陵市超远精密电子科技有限公司,http://www.cypcb.com
郑州安图生物工程股份有限公司,http://www.autobio.cn
深圳市亚辉龙生物科技有限公司,http://www.szyhlo.com
苏州长光华医生物医学工程有限公司,http://www.hybiome.com
上海太阳生物技术有限公司,http://www.sunbiote.com
武汉明德生物科技股份有限公司,http://www.mdeasydiagnosis.com
江苏泽成生物技术有限公司,http://www.zechengbio.com
杭州中翰盛泰生物技术有限公司,http://www.hz-lizhu.com
杭州丽珠医疗器械有限公司,http://www.hz-lizhu.com
浙江夸克生物科技有限公司,http://www.zjkuake.com
武汉华美生物工程有限公司,http://www.cusabio.cn
北京热景生物技术有限公司,http://www.hotgen.com.cn
深圳康美生物科技股份有限公司,http://www.uni-smart.com
杭州优思达生物技术有限公司,http://www.bioustar.com
博奥赛斯(天津)生物科技有限公司,http://www.bioscience-tj.com
北京联众泰克科技有限公司,http://www.unidiaginc.com
科宝智慧医疗科技（上海）有限公司,http://www.sh-truth.com/cn
广州视源电子科技股份有限公司,http://cn.cvte.com/
南京点明软件科技有限公司,http://www.dmrjkj.com/
杭州木梢科技有限公司,http://www.mciao.com/
上海擎感智能科技有限公司,http://www.ipda.net/
广东普加福光电科技有限公司,http://www.polyqd.com
康纳思光电科技有限公司,http://www.bsdkns.com
晶科电子(广州)有限公司,http://www.apt-hk.com
苏州镭明激光科技有限公司,http://www.lumilaser.com
陕西亚泰电器科技有限公司,http://www.sxyatai.com.cn
天津市绿视野节能工程设备有限公司,http://www.greentianjin.net
温州市华泰工业设备工程有限公司,http://www.htmql.com
上海好米工业技术有限公司,http://www.sh-haomi.com/cn/
北京盈创信通科技有限公司,http://www.intgreat.cn/index.asp
北京威努特技术有限公司,http://www.winicssec.com/
北京匡恩网络科技有限责任公司,http://www.kuangn.com